data_size,users_count,sessions_count,content_count,total_records,execution_time,memory_peak_mb,memory_avg_mb,cpu_avg,throughput,success,error_message
small,500,2500,50,3050,7.769556045532227,789.65625,361.50416666666666,0,392.5578221105515,True,
medium,1000,5000,100,6100,8.779334306716919,697.515625,259.5277573529412,0,694.813500305256,True,
large,2000,10000,200,12200,8.62028169631958,670.046875,275.57868975903614,0,1415.2669750002226,True,
