data_size,users_count,sessions_count,content_count,total_records,execution_time,memory_peak_mb,memory_avg_mb,cpu_avg,throughput,success,error_message
small,500,2500,50,3050,7.914396286010742,0,0,0,385.37367725584977,True,
medium,1000,5000,100,6100,8.925828695297241,0,0,0,683.4099340505954,True,
large,2000,10000,200,12200,8.511264085769653,0,0,0,1433.394602383176,True,
