data_size,users_count,sessions_count,content_count,total_records,execution_time,memory_peak_mb,cpu_avg,throughput,success,error_message
small,1000,5000,100,6100,10.973121166229248,-120.03125,0.0,555.9038224031727,True,
medium,5000,25000,500,30500,8.144483804702759,-23.46875,0.0,3744.865940108911,True,
large,10000,50000,1000,61000,9.009828805923462,-15.3125,0.0,6770.383912277655,True,
xlarge,20000,100000,2000,122000,10.454092979431152,-15.5625,0.0,11670.070300698482,True,
xxlarge,50000,250000,5000,305000,9.681914806365967,-15.203125,0.0,31502.033027543177,True,
